req-1,Smith Family,4,None,Vegetables,Fulfilled
req-2,Al-Fayed Family,6,Halal,Grains,Fulfilled
req-3,Chen Family,3,Vegetarian,Dairy,Fulfilled
req-4,Davis Family,2,None,Canned,Fulfilled
req-5,Rahman Family,5,Halal,Meat,Pending
req-6,Gomez Family,4,GlutenFree,Grains,Pending
req-7,Tan Family,3,Vegetarian,Vegetables,Fulfilled
req-8,Johnson Family,7,None,Grains,Fulfilled
req-9,Patel Family,5,Vegetarian,Dairy,Fulfilled
req-10,Ibrahim Family,4,Halal,Canned,Fulfilled
req-11,Williams Family,2,GlutenFree,Other,Fulfilled
req-12,Lee Family,3,None,Meat,Fulfilled
req-13,Jade Family,5,None,Meat,Fulfilled
