PERISHABLE,inv-1,Organic Gala Apples,Vegetables,23.5,kg,2026-07-28
NONPERISHABLE,inv-2,Basmati White Rice,Grains,120.0,kg,36
PERISHABLE,inv-3,Pasteurized Whole Milk,Dairy,2.0,litres,2026-07-24
NONPERISHABLE,inv-4,Canned Black Beans,Canned,45.0,items,24
PERISHABLE,inv-5,Fresh Whole Chickens,Meat,9.0,items,2026-07-23
NONPERISHABLE,inv-6,Whole Wheat Pasta,Grains,60.0,items,24
NONPERISHABLE,inv-8,Halal Canned Tuna Flakes,Canned,38.0,items,18
PERISHABLE,inv-9,Cheddar Cheese Blocks,Dairy,8.5,kg,2026-08-05
NONPERISHABLE,inv-10,Gluten-Free Oats,Grains,4.0,kg,12
PERISHABLE,inv-11,Fresh Eggs (30s tray),Dairy,20.0,items,2026-07-30
NONPERISHABLE,inv-12,Multivitamin Cereal,Grains,25.0,items,12
NONPERISHABLE,inv-13,Cooking Palm Oil (5L),Other,11.0,items,24
NONPERISHABLE,inv-15,Tomato Puree Cans,Canned,40.0,items,30
