req-1,Smith Family,4,None,Vegetables,Pending
req-2,Al-Fayed Family,6,Halal,Grains,Pending
req-3,Chen Family,3,Vegetarian,Dairy,Pending
req-4,Davis Family,2,None,Canned,Pending
req-5,Rahman Family,5,Halal,Meat,Pending
req-6,Gomez Family,4,GlutenFree,Grains,Pending
req-7,Tan Family,3,Vegetarian,Vegetables,Pending
req-8,Johnson Family,7,None,Grains,Pending
req-9,Patel Family,5,Vegetarian,Dairy,Pending
req-10,Ibrahim Family,4,Halal,Canned,Pending
req-11,Williams Family,2,GlutenFree,Other,Pending
req-12,Lee Family,3,None,Meat,Pending
